USE trabalho;
-- Populando tabela Paciente

INSERT INTO pacientes (nome, cpf, data_nascimento) VALUES
('Camila Rocha Alves', '10000000001', '1978-04-21'),
('Fábio Silva Freitas', '10000000002', '2003-12-04'),
('Isabela Costa Silva', '10000000003', '2001-07-04'),
('Miguel Santos Lopes', '10000000004', '2005-08-19'),
('Ana Beatriz Martins', '10000000005', '1979-04-17'),
('André Luiz Rocha', '10000000006', '2001-01-29'),
('Fernanda Lopes Carvalho', '10000000007', '1976-09-28'),
('André Luiz Freitas', '10000000008', '1985-05-14'),
('Luiza Andrade Carvalho', '10000000009', '1998-03-09'),
('Tiago Menezes Nogueira', '10000000010', '1995-12-21'),
('Juliana Freitas Souza', '10000000011', '1994-05-05'),
('João Pedro Rocha', '10000000012', '1975-05-15'),
('Patrícia Nogueira Rocha', '10000000013', '1996-07-20'),
('Eduardo Campos Rocha', '10000000014', '2001-03-07'),
('Camila Rocha Andrade', '10000000015', '1989-05-18'),
('Rafael Borges Pereira', '10000000016', '1977-11-26'),
('Camila Rocha Moura', '10000000017', '1979-09-27'),
('Carlos Henrique Costa', '10000000018', '1987-03-29'),
('Marina Alves Pereira', '10000000019', '1993-01-26'),
('Carlos Henrique Costa', '10000000020', '1981-03-18'),
('Juliana Freitas Carvalho', '10000000021', '1981-08-26'),
('Miguel Santos Costa', '10000000022', '1987-06-09'),
('Patrícia Nogueira Rocha', '10000000023', '1982-12-14'),
('Tiago Menezes Lopes', '10000000024', '2000-07-11'),
('Marina Alves Campos', '10000000025', '1997-12-07'),
('Rafael Borges Teixeira', '10000000026', '1984-11-08'),
('Isabela Costa Teixeira', '10000000027', '1988-01-13'),
('André Luiz Borges', '10000000028', '2002-04-24'),
('Larissa Moura Lima', '10000000029', '2003-10-13'),
('Tiago Menezes Lima', '10000000030', '1995-03-28'),
('Luiza Andrade Borges', '10000000031', '2003-08-10'),
('Fábio Silva Costa', '10000000032', '1997-08-05'),
('Juliana Freitas Campos', '10000000033', '1994-07-11'),
('Eduardo Campos Silva', '10000000034', '1979-07-19'),
('Juliana Freitas Silva', '10000000035', '1988-08-20'),
('Fábio Silva Carvalho', '10000000036', '1979-01-03'),
('Isabela Costa Teixeira', '10000000037', '1998-08-11'),
('Tiago Menezes Campos', '10000000038', '1992-12-23'),
('Isabela Costa Pereira', '10000000039', '1990-03-09'),
('Tiago Menezes Moura', '10000000040', '1994-04-20'),
('Ana Beatriz Moura', '10000000041', '1994-09-14'),
('André Luiz Campos', '10000000042', '1991-12-16'),
('Isabela Costa Andrade', '10000000043', '2001-02-23'),
('Tiago Menezes Lopes', '10000000044', '1994-03-02'),
('Fernanda Lopes Freitas', '10000000045', '1992-12-23'),
('Gabriel Teixeira Carvalho', '10000000046', '1975-02-12'),
('Ana Beatriz Rocha', '10000000047', '1988-05-03'),
('Fábio Silva Campos', '10000000048', '1982-12-03'),
('Isabela Costa Silva', '10000000049', '2001-07-16'),
('Paulo César Silva', '10000000050', '1990-07-09'),
('Isabela Costa Campos', '10000000051', '1982-12-25'),
('Rafael Borges Carvalho', '10000000052', '1979-07-27'),
('Marina Alves Nogueira', '10000000053', '1995-12-30'),
('Rafael Borges Freitas', '10000000054', '1976-01-07'),
('Juliana Freitas Andrade', '10000000055', '1987-11-20'),
('André Luiz Pereira', '10000000056', '1979-05-25'),
('Sofia Carvalho Lopes', '10000000057', '2002-10-31'),
('João Pedro Lopes', '10000000058', '1997-12-04'),
('Isabela Costa Martins', '10000000059', '1995-08-30'),
('Eduardo Campos Lopes', '10000000060', '1992-01-21'),
('Luiza Andrade Borges', '10000000061', '1987-02-11'),
('Fábio Silva Lopes', '10000000062', '1979-04-27'),
('Marina Alves Rocha', '10000000063', '1985-09-13'),
('Carlos Henrique Souza', '10000000064', '1996-05-08'),
('Sofia Carvalho Costa', '10000000065', '1977-01-03'),
('Fábio Silva Nogueira', '10000000066', '1980-12-11'),
('Isabela Costa Moura', '10000000067', '1980-05-22'),
('Tiago Menezes Silva', '10000000068', '1985-08-22'),
('Larissa Moura Pereira', '10000000069', '1983-12-17'),
('Rafael Borges Moura', '10000000070', '1986-02-16'),
('Isabela Costa Alves', '10000000071', '1994-04-22'),
('Gabriel Teixeira Nogueira', '10000000072', '1985-05-06'),
('Ana Beatriz Lima', '10000000073', '1993-01-14'),
('Tiago Menezes Campos', '10000000074', '1979-08-23'),
('Isabela Costa Moura', '10000000075', '2004-06-30'),
('João Pedro Pereira', '10000000076', '1995-07-31'),
('Patrícia Nogueira Costa', '10000000077', '1981-12-02'),
('Paulo César Lima', '10000000078', '1991-09-26'),
('Fernanda Lopes Nogueira', '10000000079', '1991-07-25'),
('João Pedro Campos', '10000000080', '1986-02-15'),
('Patrícia Nogueira Rocha', '10000000081', '2003-10-11'),
('Paulo César Lima', '10000000082', '1980-05-16'),
('Fernanda Lopes Borges', '10000000083', '1991-10-05'),
('Fábio Silva Alves', '10000000084', '1990-08-13'),
('Larissa Moura Alves', '10000000085', '2002-03-17'),
('Rafael Borges Campos', '10000000086', '1975-10-15'),
('Fernanda Lopes Teixeira', '10000000087', '1992-05-11'),
('Paulo César Alves', '10000000088', '1995-05-22'),
('Sofia Carvalho Campos', '10000000089', '1997-11-25'),
('Tiago Menezes Campos', '10000000090', '1992-08-20'),
('Isabela Costa Andrade', '10000000091', '1989-03-21'),
('Rafael Borges Freitas', '10000000092', '2000-02-05'),
('Juliana Freitas Lima', '10000000093', '1988-05-03'),
('Tiago Menezes Borges', '10000000094', '1984-06-24'),
('Larissa Moura Lima', '10000000095', '1985-07-30'),
('Carlos Henrique Campos', '10000000096', '1986-11-30'),
('Luiza Andrade Teixeira', '10000000097', '1978-12-29'),
('Eduardo Campos Moura', '10000000098', '1993-10-29'),
('Fernanda Lopes Rocha', '10000000099', '1994-04-13'),
('João Pedro Campos', '10000000100', '1987-04-10');
INSERT INTO medicos (nome, crm, especialidade) VALUES
('Dr(a) Helder Sheinder','CRM001','Dermatologia'),
('Dr(a). Eduardo Rocha', 'CRM002', 'Oftalmologia'),
('Dr(a). Sofia Teixeira', 'CRM003', 'Endocrinologia'),
('Dr(a). Rafael Campos', 'CRM004', 'Oftalmologia'),
('Dr(a). Marina Campos', 'CRM005', 'Neurologia'),
('Dr(a). Tiago Alves', 'CRM006', 'Oftalmologia'),
('Dr(a). Camila Andrade', 'CRM007', 'Endocrinologia'),
('Dr(a). Gabriel Souza', 'CRM008', 'Cardiologia'),
('Dr(a). Fernanda Moura', 'CRM009', 'Dermatologia'),
('Dr(a). Eduardo Moura', 'CRM010', 'Endocrinologia'),
('Dr(a). Ana Nogueira', 'CRM011', 'Dermatologia'),
('Dr(a). Tiago Campos', 'CRM012', 'Endocrinologia'),
('Dr(a). Patrícia Freitas', 'CRM013', 'Pediatria'),
('Dr(a). Tiago Rocha', 'CRM014', 'Neurologia'),
('Dr(a). Patrícia Costa', 'CRM015', 'Urologia'),
('Dr(a). Paulo Costa', 'CRM016', 'Dermatologia'),
('Dr(a). Isabela Freitas', 'CRM017', 'Endocrinologia'),
('Dr(a). André Pereira', 'CRM018', 'Urologia'),
('Dr(a). Ana Andrade', 'CRM019', 'Oftalmologia'),
('Dr(a). Carlos Lima', 'CRM020', 'Urologia'),
('Dr(a). Isabela Souza', 'CRM021', 'Gastroenterologia'),
('Dr(a). Eduardo Lima', 'CRM022', 'Pediatria'),
('Dr(a). Patrícia Borges', 'CRM023', 'Pediatria'),
('Dr(a). Rafael Rocha', 'CRM024', 'Oftalmologia'),
('Dr(a). Luiza Freitas', 'CRM025', 'Neurologia'),
('Dr(a). Carlos Souza', 'CRM026', 'Urologia'),
('Dr(a). Larissa Andrade', 'CRM027', 'Ortopedia'),
('Dr(a). André Martins', 'CRM028', 'Cardiologia'),
('Dr(a). Luiza Rocha', 'CRM029', 'Cardiologia'),
('Dr(a). Carlos Souza', 'CRM030', 'Psiquiatria'),
('Dr(a). Luiza Andrade', 'CRM031', 'Oftalmologia'),
('Dr(a). Gabriel Lopes', 'CRM032', 'Ortopedia'),
('Dr(a). Juliana Moura', 'CRM033', 'Cardiologia'),
('Dr(a). André Campos', 'CRM034', 'Dermatologia'),
('Dr(a). Fernanda Rocha', 'CRM035', 'Endocrinologia'),
('Dr(a). Carlos Pereira', 'CRM036', 'Pediatria'),
('Dr(a). Patrícia Freitas', 'CRM037', 'Pediatria'),
('Dr(a). Rafael Campos', 'CRM038', 'Pediatria'),
('Dr(a). Isabela Rocha', 'CRM039', 'Ortopedia'),
('Dr(a). Carlos Pereira', 'CRM040', 'Urologia'),
('Dr(a). Luiza Lima', 'CRM041', 'Dermatologia'),
('Dr(a). Tiago Rocha', 'CRM042', 'Psiquiatria'),
('Dr(a). Larissa Souza', 'CRM043', 'Dermatologia'),
('Dr(a). Tiago Silva', 'CRM044', 'Oftalmologia'),
('Dr(a). Sofia Borges', 'CRM045', 'Ortopedia'),
('Dr(a). Gabriel Lopes', 'CRM046', 'Ortopedia'),
('Dr(a). Camila Borges', 'CRM047', 'Neurologia'),
('Dr(a). Tiago Souza', 'CRM048', 'Ortopedia'),
('Dr(a). Larissa Lima', 'CRM049', 'Pediatria'),
('Dr(a). Eduardo Rocha', 'CRM050', 'Neurologia'),
('Dr(a). Luiza Costa', 'CRM051', 'Oftalmologia'),
('Dr(a). Carlos Martins', 'CRM052', 'Cardiologia'),
('Dr(a). Larissa Moura', 'CRM053', 'Dermatologia'),
('Dr(a). Tiago Costa', 'CRM054', 'Psiquiatria'),
('Dr(a). Luiza Lima', 'CRM055', 'Pediatria'),
('Dr(a). Fábio Souza', 'CRM056', 'Cardiologia'),
('Dr(a). Patrícia Teixeira', 'CRM057', 'Dermatologia'),
('Dr(a). Eduardo Souza', 'CRM058', 'Psiquiatria'),
('Dr(a). Ana Alves', 'CRM059', 'Gastroenterologia'),
('Dr(a). André Silva', 'CRM060', 'Neurologia'),
('Dr(a). Fernanda Campos', 'CRM061', 'Pediatria'),
('Dr(a). Eduardo Nogueira', 'CRM062', 'Cardiologia'),
('Dr(a). Juliana Campos', 'CRM063', 'Cardiologia'),
('Dr(a). André Carvalho', 'CRM064', 'Pediatria'),
('Dr(a). Ana Teixeira', 'CRM065', 'Psiquiatria'),
('Dr(a). Eduardo Moura', 'CRM066', 'Neurologia'),
('Dr(a). Marina Teixeira', 'CRM067', 'Gastroenterologia'),
('Dr(a). Eduardo Andrade', 'CRM068', 'Gastroenterologia'),
('Dr(a). Juliana Lopes', 'CRM069', 'Dermatologia'),
('Dr(a). Miguel Borges', 'CRM070', 'Dermatologia'),
('Dr(a). Marina Nogueira', 'CRM071', 'Ortopedia'),
('Dr(a). Paulo Costa', 'CRM072', 'Neurologia'),
('Dr(a). Fernanda Andrade', 'CRM073', 'Gastroenterologia'),
('Dr(a). André Freitas', 'CRM074', 'Cardiologia'),
('Dr(a). Isabela Lopes', 'CRM075', 'Gastroenterologia'),
('Dr(a). Paulo Teixeira', 'CRM076', 'Gastroenterologia'),
('Dr(a). Luiza Lima', 'CRM077', 'Psiquiatria'),
('Dr(a). Rafael Lima', 'CRM078', 'Urologia'),
('Dr(a). Patrícia Silva', 'CRM079', 'Ortopedia'),
('Dr(a). André Pereira', 'CRM080', 'Oftalmologia'),
('Dr(a). Juliana Lima', 'CRM081', 'Dermatologia'),
('Dr(a). João Souza', 'CRM082', 'Dermatologia'),
('Dr(a). Marina Martins', 'CRM083', 'Urologia'),
('Dr(a). Miguel Souza', 'CRM084', 'Urologia'),
('Dr(a). Isabela Rocha', 'CRM085', 'Gastroenterologia'),
('Dr(a). André Rocha', 'CRM086', 'Urologia'),
('Dr(a). Ana Andrade', 'CRM087', 'Gastroenterologia'),
('Dr(a). Eduardo Moura', 'CRM088', 'Psiquiatria'),
('Dr(a). Luiza Rocha', 'CRM089', 'Gastroenterologia'),
('Dr(a). João Costa', 'CRM090', 'Urologia'),
('Dr(a). Isabela Alves', 'CRM091', 'Cardiologia'),
('Dr(a). André Lima', 'CRM092', 'Gastroenterologia'),
('Dr(a). Isabela Campos', 'CRM093', 'Endocrinologia'),
('Dr(a). Eduardo Moura', 'CRM094', 'Endocrinologia'),
('Dr(a). Patrícia Pereira', 'CRM095', 'Ortopedia'),
('Dr(a). André Alves', 'CRM096', 'Pediatria'),
('Dr(a). Marina Freitas', 'CRM097', 'Ortopedia'),
('Dr(a). Fábio Souza', 'CRM098', 'Dermatologia'),
('Dr(a). Fernanda Andrade', 'CRM099', 'Endocrinologia'),
('Dr(a). Gabriel Nogueira', 'CRM100', 'Neurologia');

INSERT INTO Exames (nome, codigo, especialidade_requerida, valor) VALUES
	('Eletrocardiograma', 'EX001', 'Cardiologia', 100.0),
('Ecocardiograma', 'EX002', 'Cardiologia', 120.0),
('Teste Ergométrico', 'EX003', 'Cardiologia', 130.0),
('Holter 24h', 'EX004', 'Cardiologia', 140.0),
('MAP A', 'EX005', 'Cardiologia', 150.0),
('Raio-X de Tórax', 'EX006', 'Cardiologia', 100.0),
('Hemograma Completo', 'EX007', 'Pediatria', 120.0),
('Teste do Pezinho', 'EX008', 'Pediatria', 130.0),
('Ultrassom Abdominal', 'EX009', 'Pediatria', 140.0),
('Vitamina D', 'EX010', 'Pediatria', 150.0),
('Raio-X de Coluna', 'EX011', 'Ortopedia', 100.0),
('Ressonância Joelho', 'EX012', 'Ortopedia', 120.0),
('Tomografia Quadril', 'EX013', 'Ortopedia', 130.0),
('Densitometria Óssea', 'EX014', 'Ortopedia', 140.0),
('Ultrassom Articular', 'EX015', 'Ortopedia', 150.0),
('Biópsia de Pele', 'EX016', 'Dermatologia', 100.0),
('Teste de Alergia', 'EX017', 'Dermatologia', 120.0),
('Dermatoscopia', 'EX018', 'Dermatologia', 130.0),
('Exame Micológico', 'EX019', 'Dermatologia', 140.0),
('Patch Test', 'EX020', 'Dermatologia', 150.0),
('Eletroencefalograma', 'EX021', 'Neurologia', 100.0),
('Ressonância Cerebral', 'EX022', 'Neurologia', 120.0),
('Doppler Transcraniano', 'EX023', 'Neurologia', 130.0),
('Polissonografia', 'EX024', 'Neurologia', 140.0),
('EMG - Eletromiografia', 'EX025', 'Neurologia', 150.0),
('Angiotomografia', 'EX026', 'Cardiologia', 100.0),
('Cateterismo Cardíaco', 'EX027', 'Cardiologia', 120.0),
('Teste de Esforço', 'EX028', 'Cardiologia', 130.0),
('Ecocardiograma Fetal', 'EX029', 'Cardiologia', 140.0),
('Cintilografia Miocárdica', 'EX030', 'Cardiologia', 150.0),
('PCR - Proteína C Reativa', 'EX031', 'Pediatria', 100.0),
('Ferritina', 'EX032', 'Pediatria', 120.0),
('Parasitológico', 'EX033', 'Pediatria', 130.0),
('Glicemia', 'EX034', 'Pediatria', 140.0),
('TSH Neonatal', 'EX035', 'Pediatria', 150.0),
('Raio-X de Mão', 'EX036', 'Ortopedia', 100.0),
('Artroscopia Diagnóstica', 'EX037', 'Ortopedia', 120.0),
('Ultrassom Muscular', 'EX038', 'Ortopedia', 130.0),
('Raio-X de Pé', 'EX039', 'Ortopedia', 140.0),
('Tomografia Coluna', 'EX040', 'Ortopedia', 150.0),
('Exame de Sangue', 'EX041', 'Dermatologia', 100.0),
('Imunoglobulina E', 'EX042', 'Dermatologia', 120.0),
('Teste de Contato', 'EX043', 'Dermatologia', 130.0),
('Biópsia Ungeal', 'EX044', 'Dermatologia', 140.0),
('Fototeste', 'EX045', 'Dermatologia', 150.0),
('Tomografia Cerebral', 'EX046', 'Neurologia', 100.0),
('Punção Lombar', 'EX047', 'Neurologia', 120.0),
('Potencial Evocado', 'EX048', 'Neurologia', 130.0),
('Doppler Carotídeo', 'EX049', 'Neurologia', 140.0),
('Video-EEG', 'EX050', 'Neurologia', 150.0),
('Troponina', 'EX051', 'Cardiologia', 100.0),
('CK-MB', 'EX052', 'Cardiologia', 120.0),
('BNP', 'EX053', 'Cardiologia', 130.0),
('Colesterol Total', 'EX054', 'Cardiologia', 140.0),
('Triglicerídeos', 'EX055', 'Cardiologia', 150.0),
('Teste da Orelhinha', 'EX056', 'Pediatria', 100.0),
('Teste do Olhinho', 'EX057', 'Pediatria', 120.0),
('Ultrassom Quadril', 'EX058', 'Pediatria', 130.0),
('Coprograma', 'EX059', 'Pediatria', 140.0),
('Imunofenotipagem', 'EX060', 'Pediatria', 150.0),
('Raio-X de Ombro', 'EX061', 'Ortopedia', 100.0),
('Ressonância Ombro', 'EX062', 'Ortopedia', 120.0),
('Artroressonância', 'EX063', 'Ortopedia', 130.0),
('Raio-X de Joelho', 'EX064', 'Ortopedia', 140.0),
('Escoliometria', 'EX065', 'Ortopedia', 150.0),
('Cultura Fungo', 'EX066', 'Dermatologia', 100.0),
('Exame de Lâmpada', 'EX067', 'Dermatologia', 120.0),
('Teste de Sudorese', 'EX068', 'Dermatologia', 130.0),
('Imunoflorescência', 'EX069', 'Dermatologia', 140.0),
('Tricograma', 'EX070', 'Dermatologia', 150.0),
('Ressonância Coluna', 'EX071', 'Neurologia', 100.0),
('Tilt Test', 'EX072', 'Neurologia', 120.0),
('Eletroneuromiografia', 'EX073', 'Neurologia', 130.0),
('Angioressonância', 'EX074', 'Neurologia', 140.0),
('PET Scan Cerebral', 'EX075', 'Neurologia', 150.0),
('Prova de Função Pulmonar', 'EX076', 'Cardiologia', 100.0),
('Oximetria', 'EX077', 'Cardiologia', 120.0),
('Gasometria', 'EX078', 'Cardiologia', 130.0),
('Ecocardiograma Stress', 'EX079', 'Cardiologia', 140.0),
('Monitor Eventos', 'EX080', 'Cardiologia', 150.0),
('Teste de Suor', 'EX081', 'Pediatria', 100.0),
('Urina Tipo I', 'EX082', 'Pediatria', 120.0),
('Ureia Creatinina', 'EX083', 'Pediatria', 130.0),
('T4 Livre', 'EX084', 'Pediatria', 140.0),
('Teste de Coombs', 'EX085', 'Pediatria', 150.0),
('Raio-X de Pelve', 'EX086', 'Ortopedia', 100.0),
('Tomografia Joelho', 'EX087', 'Ortopedia', 120.0),
('Mielografia', 'EX088', 'Ortopedia', 130.0),
('Termografia', 'EX089', 'Ortopedia', 140.0),
('Goniometria', 'EX090', 'Ortopedia', 150.0),
('Exame de HIV', 'EX091', 'Dermatologia', 100.0),
('VDRL', 'EX092', 'Dermatologia', 120.0),
('ANA - FAN', 'EX093', 'Dermatologia', 130.0),
('PCR Quantitativa', 'EX094', 'Dermatologia', 140.0),
('Complemento C3 C4', 'EX095', 'Dermatologia', 150.0),
('Spect Cerebral', 'EX096', 'Neurologia', 100.0),
('Teste Neuropsicológico', 'EX097', 'Neurologia', 120.0),
('Pletismografia', 'EX098', 'Neurologia', 130.0),
('Biopsia Muscular', 'EX099', 'Neurologia', 140.0),
('Teste de Tensão', 'EX100', 'Neurologia', 150.0);

INSERT INTO consultas (pacientes_id, medicos_id, data_consulta, valor) VALUES
	(1, 1, '2025-01-01 08:00:00', 200.0),
	(2, 2, '2025-01-02 09:00:00', 210.0),
	(3, 3, '2025-01-03 10:00:00', 220.0),
	(4, 4, '2025-01-04 11:00:00', 230.0),
	(5, 5, '2025-01-05 12:00:00', 240.0),
	(6, 6, '2025-01-06 13:00:00', 250.0),
	(7, 7, '2025-01-07 14:00:00', 260.0),
	(8, 8, '2025-01-08 15:00:00', 270.0),
	(9, 9, '2025-01-09 16:00:00', 280.0),
	(10, 10, '2025-01-10 17:00:00', 290.0),
	(11, 11, '2025-01-11 08:00:00', 200.0),
	(12, 12, '2025-01-12 09:00:00', 210.0),
	(13, 13, '2025-01-13 10:00:00', 220.0),
	(14, 14, '2025-01-14 11:00:00', 230.0),
	(15, 15, '2025-01-15 12:00:00', 240.0),
	(16, 16, '2025-01-16 13:00:00', 250.0),
	(17, 17, '2025-01-17 14:00:00', 260.0),
	(18, 18, '2025-01-18 15:00:00', 270.0),
	(19, 19, '2025-01-19 16:00:00', 280.0),
	(20, 20, '2025-01-20 17:00:00', 290.0),
	(21, 21, '2025-01-21 08:00:00', 200.0),
	(22, 22, '2025-01-22 09:00:00', 210.0),
	(23, 23, '2025-01-23 10:00:00', 220.0),
	(24, 24, '2025-01-24 11:00:00', 230.0),
	(25, 25, '2025-01-25 12:00:00', 240.0),
	(26, 26, '2025-01-26 13:00:00', 250.0),
	(27, 27, '2025-01-27 14:00:00', 260.0),
	(28, 28, '2025-01-28 15:00:00', 270.0),
	(29, 29, '2025-01-29 16:00:00', 280.0),
	(30, 30, '2025-01-30 17:00:00', 290.0),
	(31, 31, '2025-01-31 08:00:00', 200.0),
	(32, 32, '2025-02-01 09:00:00', 210.0),
	(33, 33, '2025-02-02 10:00:00', 220.0),
	(34, 34, '2025-02-03 11:00:00', 230.0),
	(35, 35, '2025-02-04 12:00:00', 240.0),
	(36, 36, '2025-02-05 13:00:00', 250.0),
	(37, 37, '2025-02-06 14:00:00', 260.0),
	(38, 38, '2025-02-07 15:00:00', 270.0),
	(39, 39, '2025-02-08 16:00:00', 280.0),
	(40, 40, '2025-02-09 17:00:00', 290.0),
	(41, 41, '2025-02-10 08:00:00', 200.0),
	(42, 42, '2025-02-11 09:00:00', 210.0),
	(43, 43, '2025-02-12 10:00:00', 220.0),
	(44, 44, '2025-02-13 11:00:00', 230.0),
	(45, 45, '2025-02-14 12:00:00', 240.0),
	(46, 46, '2025-02-15 13:00:00', 250.0),
	(47, 47, '2025-02-16 14:00:00', 260.0),
	(48, 48, '2025-02-17 15:00:00', 270.0),
	(49, 49, '2025-02-18 16:00:00', 280.0),
	(50, 50, '2025-02-19 17:00:00', 290.0),
	(51, 51, '2025-02-20 08:00:00', 200.0),
	(52, 52, '2025-02-21 09:00:00', 210.0),
	(53, 53, '2025-02-22 10:00:00', 220.0),
	(54, 54, '2025-02-23 11:00:00', 230.0),
	(55, 55, '2025-02-24 12:00:00', 240.0),
	(56, 56, '2025-02-25 13:00:00', 250.0),
	(57, 57, '2025-02-26 14:00:00', 260.0),
	(58, 58, '2025-02-27 15:00:00', 270.0),
	(59, 59, '2025-02-28 16:00:00', 280.0),
	(60, 60, '2025-03-01 17:00:00', 290.0),
	(61, 61, '2025-03-02 08:00:00', 200.0),
	(62, 62, '2025-03-03 09:00:00', 210.0),
	(63, 63, '2025-03-04 10:00:00', 220.0),
	(64, 64, '2025-03-05 11:00:00', 230.0),
	(65, 65, '2025-03-06 12:00:00', 240.0),
	(66, 66, '2025-03-07 13:00:00', 250.0),
	(67, 67, '2025-03-08 14:00:00', 260.0),
	(68, 68, '2025-03-09 15:00:00', 270.0),
	(69, 69, '2025-03-10 16:00:00', 280.0),
	(70, 70, '2025-03-11 17:00:00', 290.0),
	(71, 71, '2025-03-12 08:00:00', 200.0),
	(72, 72, '2025-03-13 09:00:00', 210.0),
	(73, 73, '2025-03-14 10:00:00', 220.0),
	(74, 74, '2025-03-15 11:00:00', 230.0),
	(75, 75, '2025-03-16 12:00:00', 240.0),
	(76, 76, '2025-03-17 13:00:00', 250.0),
	(77, 77, '2025-03-18 14:00:00', 260.0),
	(78, 78, '2025-03-19 15:00:00', 270.0),
	(79, 79, '2025-03-20 16:00:00', 280.0),
	(80, 80, '2025-03-21 17:00:00', 290.0),
	(81, 81, '2025-03-22 08:00:00', 200.0),
	(82, 82, '2025-03-23 09:00:00', 210.0),
	(83, 83, '2025-03-24 10:00:00', 220.0),
	(84, 84, '2025-03-25 11:00:00', 230.0),
	(85, 85, '2025-03-26 12:00:00', 240.0),
	(86, 86, '2025-03-27 13:00:00', 250.0),
	(87, 87, '2025-03-28 14:00:00', 260.0),
	(88, 88, '2025-03-29 15:00:00', 270.0),
	(89, 89, '2025-03-30 16:00:00', 280.0),
	(90, 90, '2025-03-31 17:00:00', 290.0),
	(91, 91, '2025-04-01 08:00:00', 200.0),
	(92, 92, '2025-04-02 09:00:00', 210.0),
	(93, 93, '2025-04-03 10:00:00', 220.0),
	(94, 94, '2025-04-04 11:00:00', 230.0),
	(95, 95, '2025-04-05 12:00:00', 240.0),
	(96, 96, '2025-04-06 13:00:00', 250.0),
	(97, 97, '2025-04-07 14:00:00', 260.0),
	(98, 98, '2025-04-08 15:00:00', 270.0),
	(99, 99, '2025-04-09 16:00:00', 280.0),
	(100, 100, '2025-04-10 17:00:00', 290.0);

INSERT INTO Agendamentos (pacientes_id, consultas_id, exames_id, medicos_id, data_agendamento, sala, status) VALUES
	(1, 1, 1, 1, '2025-01-01 08:30:00', 'Sala 1', 'Agendado'),
	(2, 2, 2, 2, '2025-01-02 09:30:00', 'Sala 2', 'Realizado'),
	(3, 3, 3, 3, '2025-01-03 10:30:00', 'Sala 3', 'Cancelado'),
	(4, 4, 4, 4, '2025-01-04 11:30:00', 'Sala 4', 'Agendado'),
	(5, 5, 5, 5, '2025-01-05 12:30:00', 'Sala 5', 'Realizado'),
	(6, 6, 6, 6, '2025-01-06 13:30:00', 'Sala 6', 'Cancelado'),
	(7, 7, 7, 7, '2025-01-07 14:30:00', 'Sala 7', 'Agendado'),
	(8, 8, 8, 8, '2025-01-08 15:30:00', 'Sala 8', 'Realizado'),
	(9, 9, 9, 9, '2025-01-09 16:30:00', 'Sala 9', 'Cancelado'),
	(10, 10, 10, 10, '2025-01-10 17:30:00', 'Sala 10', 'Agendado'),
	(11, 11, 11, 11, '2025-01-11 08:30:00', 'Sala 11', 'Realizado'),
	(12, 12, 12, 12, '2025-01-12 09:30:00', 'Sala 12', 'Cancelado'),
	(13, 13, 13, 13, '2025-01-13 10:30:00', 'Sala 13', 'Agendado'),
	(14, 14, 14, 14, '2025-01-14 11:30:00', 'Sala 14', 'Realizado'),
	(15, 15, 15, 15, '2025-01-15 12:30:00', 'Sala 15', 'Cancelado'),
	(16, 16, 16, 16, '2025-01-16 13:30:00', 'Sala 16', 'Agendado'),
	(17, 17, 17, 17, '2025-01-17 14:30:00', 'Sala 17', 'Realizado'),
	(18, 18, 18, 18, '2025-01-18 15:30:00', 'Sala 18', 'Cancelado'),
	(19, 19, 19, 19, '2025-01-19 16:30:00', 'Sala 19', 'Agendado'),
	(20, 20, 20, 20, '2025-01-20 17:30:00', 'Sala 20', 'Realizado'),
	(21, 21, 21, 21, '2025-01-21 08:30:00', 'Sala 21', 'Cancelado'),
	(22, 22, 22, 22, '2025-01-22 09:30:00', 'Sala 22', 'Agendado'),
	(23, 23, 23, 23, '2025-01-23 10:30:00', 'Sala 23', 'Realizado'),
	(24, 24, 24, 24, '2025-01-24 11:30:00', 'Sala 24', 'Cancelado'),
	(25, 25, 25, 25, '2025-01-25 12:30:00', 'Sala 25', 'Agendado'),
	(26, 26, 26, 26, '2025-01-26 13:30:00', 'Sala 26', 'Realizado'),
	(27, 27, 27, 27, '2025-01-27 14:30:00', 'Sala 27', 'Cancelado'),
	(28, 28, 28, 28, '2025-01-28 15:30:00', 'Sala 28', 'Agendado'),
	(29, 29, 29, 29, '2025-01-29 16:30:00', 'Sala 29', 'Realizado'),
	(30, 30, 30, 30, '2025-01-30 17:30:00', 'Sala 30', 'Cancelado'),
	(31, 31, 31, 31, '2025-01-31 08:30:00', 'Sala 31', 'Agendado'),
	(32, 32, 32, 32, '2025-02-01 09:30:00', 'Sala 32', 'Realizado'),
	(33, 33, 33, 33, '2025-02-02 10:30:00', 'Sala 33', 'Cancelado'),
	(34, 34, 34, 34, '2025-02-03 11:30:00', 'Sala 34', 'Agendado'),
	(35, 35, 35, 35, '2025-02-04 12:30:00', 'Sala 35', 'Realizado'),
	(36, 36, 36, 36, '2025-02-05 13:30:00', 'Sala 36', 'Cancelado'),
	(37, 37, 37, 37, '2025-02-06 14:30:00', 'Sala 37', 'Agendado'),
	(38, 38, 38, 38, '2025-02-07 15:30:00', 'Sala 38', 'Realizado'),
	(39, 39, 39, 39, '2025-02-08 16:30:00', 'Sala 39', 'Cancelado'),
	(40, 40, 40, 40, '2025-02-09 17:30:00', 'Sala 40', 'Agendado'),
	(41, 41, 41, 41, '2025-02-10 08:30:00', 'Sala 41', 'Realizado'),
	(42, 42, 42, 42, '2025-02-11 09:30:00', 'Sala 42', 'Cancelado'),
	(43, 43, 43, 43, '2025-02-12 10:30:00', 'Sala 43', 'Agendado'),
	(44, 44, 44, 44, '2025-02-13 11:30:00', 'Sala 44', 'Realizado'),
	(45, 45, 45, 45, '2025-02-14 12:30:00', 'Sala 45', 'Cancelado'),
	(46, 46, 46, 46, '2025-02-15 13:30:00', 'Sala 46', 'Agendado'),
	(47, 47, 47, 47, '2025-02-16 14:30:00', 'Sala 47', 'Realizado'),
	(48, 48, 48, 48, '2025-02-17 15:30:00', 'Sala 48', 'Cancelado'),
	(49, 49, 49, 49, '2025-02-18 16:30:00', 'Sala 49', 'Agendado'),
	(50, 50, 50, 50, '2025-02-19 17:30:00', 'Sala 50', 'Realizado'),
	(51, 51, 51, 51, '2025-02-20 08:30:00', 'Sala 51', 'Cancelado'),
	(52, 52, 52, 52, '2025-02-21 09:30:00', 'Sala 52', 'Agendado'),
	(53, 53, 53, 53, '2025-02-22 10:30:00', 'Sala 53', 'Realizado'),
	(54, 54, 54, 54, '2025-02-23 11:30:00', 'Sala 54', 'Cancelado'),
	(55, 55, 55, 55, '2025-02-24 12:30:00', 'Sala 55', 'Agendado'),
	(56, 56, 56, 56, '2025-02-25 13:30:00', 'Sala 56', 'Realizado'),
	(57, 57, 57, 57, '2025-02-26 14:30:00', 'Sala 57', 'Cancelado'),
	(58, 58, 58, 58, '2025-02-27 15:30:00', 'Sala 58', 'Agendado'),
	(59, 59, 59, 59, '2025-02-28 16:30:00', 'Sala 59', 'Realizado'),
	(60, 60, 60, 60, '2025-03-01 17:30:00', 'Sala 60', 'Cancelado'),
	(61, 61, 61, 61, '2025-03-02 08:30:00', 'Sala 61', 'Agendado'),
	(62, 62, 62, 62, '2025-03-03 09:30:00', 'Sala 62', 'Realizado'),
	(63, 63, 63, 63, '2025-03-04 10:30:00', 'Sala 63', 'Cancelado'),
	(64, 64, 64, 64, '2025-03-05 11:30:00', 'Sala 64', 'Agendado'),
	(65, 65, 65, 65, '2025-03-06 12:30:00', 'Sala 65', 'Realizado'),
	(66, 66, 66, 66, '2025-03-07 13:30:00', 'Sala 66', 'Cancelado'),
	(67, 67, 67, 67, '2025-03-08 14:30:00', 'Sala 67', 'Agendado'),
	(68, 68, 68, 68, '2025-03-09 15:30:00', 'Sala 68', 'Realizado'),
	(69, 69, 69, 69, '2025-03-10 16:30:00', 'Sala 69', 'Cancelado'),
	(70, 70, 70, 70, '2025-03-11 17:30:00', 'Sala 70', 'Agendado'),
	(71, 71, 71, 71, '2025-03-12 08:30:00', 'Sala 71', 'Realizado'),
	(72, 72, 72, 72, '2025-03-13 09:30:00', 'Sala 72', 'Cancelado'),
	(73, 73, 73, 73, '2025-03-14 10:30:00', 'Sala 73', 'Agendado'),
	(74, 74, 74, 74, '2025-03-15 11:30:00', 'Sala 74', 'Realizado'),
	(75, 75, 75, 75, '2025-03-16 12:30:00', 'Sala 75', 'Cancelado'),
	(76, 76, 76, 76, '2025-03-17 13:30:00', 'Sala 76', 'Agendado'),
	(77, 77, 77, 77, '2025-03-18 14:30:00', 'Sala 77', 'Realizado'),
	(78, 78, 78, 78, '2025-03-19 15:30:00', 'Sala 78', 'Cancelado'),
	(79, 79, 79, 79, '2025-03-20 16:30:00', 'Sala 79', 'Agendado'),
	(80, 80, 80, 80, '2025-03-21 17:30:00', 'Sala 80', 'Realizado'),
	(81, 81, 81, 81, '2025-03-22 08:30:00', 'Sala 81', 'Cancelado'),
	(82, 82, 82, 82, '2025-03-23 09:30:00', 'Sala 82', 'Agendado'),
	(83, 83, 83, 83, '2025-03-24 10:30:00', 'Sala 83', 'Realizado'),
	(84, 84, 84, 84, '2025-03-25 11:30:00', 'Sala 84', 'Cancelado'),
	(85, 85, 85, 85, '2025-03-26 12:30:00', 'Sala 85', 'Agendado'),
	(86, 86, 86, 86, '2025-03-27 13:30:00', 'Sala 86', 'Realizado'),
	(87, 87, 87, 87, '2025-03-28 14:30:00', 'Sala 87', 'Cancelado'),
	(88, 88, 88, 88, '2025-03-29 15:30:00', 'Sala 88', 'Agendado'),
	(89, 89, 89, 89, '2025-03-30 16:30:00', 'Sala 89', 'Realizado'),
	(90, 90, 90, 90, '2025-03-31 17:30:00', 'Sala 90', 'Cancelado'),
	(91, 91, 91, 91, '2025-04-01 08:30:00', 'Sala 91', 'Agendado'),
	(92, 92, 92, 92, '2025-04-02 09:30:00', 'Sala 92', 'Realizado'),
	(93, 93, 93, 93, '2025-04-03 10:30:00', 'Sala 93', 'Cancelado'),
	(94, 94, 94, 94, '2025-04-04 11:30:00', 'Sala 94', 'Agendado'),
	(95, 95, 95, 95, '2025-04-05 12:30:00', 'Sala 95', 'Realizado'),
	(96, 96, 96, 96, '2025-04-06 13:30:00', 'Sala 96', 'Cancelado'),
	(97, 97, 97, 97, '2025-04-07 14:30:00', 'Sala 97', 'Agendado'),
	(98, 98, 98, 98, '2025-04-08 15:30:00', 'Sala 98', 'Realizado'),
	(99, 99, 99, 99, '2025-04-09 16:30:00', 'Sala 99', 'Cancelado'),
	(100, 100, 100, 100, '2025-04-10 17:30:00', 'Sala 100', 'Agendado');
