USE trabalho;
-- Populando tabela Paciente

INSERT INTO pacientes (nome, cpf, data_nascimento) VALUES
('Fábio Silva Freitas', '10000000002', '2003-12-04'),
('Isabela Costa Silva', '10000000003', '2001-07-04'),
('Miguel Santos Lopes', '10000000004', '2005-08-19'),
('Ana Beatriz Martins', '10000000005', '1979-04-17'),
('André Luiz Rocha', '10000000006', '2001-01-29'),
('Fernanda Lopes Carvalho', '10000000007', '1976-09-28'),
('André Luiz Freitas', '10000000008', '1985-05-14'),
('Luiza Andrade Carvalho', '10000000009', '1998-03-09'),
('Tiago Menezes Nogueira', '10000000010', '1995-12-21'),
('Juliana Freitas Souza', '10000000011', '1994-05-05'),
('João Pedro Rocha', '10000000012', '1975-05-15'),
('Patrícia Nogueira Rocha', '10000000013', '1996-07-20'),
('Eduardo Campos Rocha', '10000000014', '2001-03-07'),
('Camila Rocha Andrade', '10000000015', '1989-05-18'),
('Rafael Borges Pereira', '10000000016', '1977-11-26'),
('Camila Rocha Moura', '10000000017', '1979-09-27'),
('Carlos Henrique Costa', '10000000018', '1987-03-29'),
('Marina Alves Pereira', '10000000019', '1993-01-26'),
('Carlos Henrique Costa', '10000000020', '1981-03-18'),
('Juliana Freitas Carvalho', '10000000021', '1981-08-26'),
('Patrícia Nogueira Rocha', '10000000023', '1982-12-14'),
('Tiago Menezes Lopes', '10000000024', '2000-07-11'),
('Marina Alves Campos', '10000000025', '1997-12-07'),
('Rafael Borges Teixeira', '10000000026', '1984-11-08'),
('Isabela Costa Teixeira', '10000000027', '1988-01-13'),
('André Luiz Borges', '10000000028', '2002-04-24'),
('Larissa Moura Lima', '10000000029', '2003-10-13'),
('Tiago Menezes Lima', '10000000030', '1995-03-28'),
('Luiza Andrade Borges', '10000000031', '2003-08-10'),
('Fábio Silva Costa', '10000000032', '1997-08-05'),
('Juliana Freitas Campos', '10000000033', '1994-07-11'),
('Juliana Freitas Silva', '10000000035', '1988-08-20'),
('Fábio Silva Carvalho', '10000000036', '1979-01-03'),
('Isabela Costa Teixeira', '10000000037', '1998-08-11'),
('Tiago Menezes Campos', '10000000038', '1992-12-23'),
('Isabela Costa Pereira', '10000000039', '1990-03-09'),
('Tiago Menezes Moura', '10000000040', '1994-04-20'),
('Ana Beatriz Moura', '10000000041', '1994-09-14'),
('André Luiz Campos', '10000000042', '1991-12-16'),
('Isabela Costa Andrade', '10000000043', '2001-02-23'),
('Tiago Menezes Lopes', '10000000044', '1994-03-02'),
('Gabriel Teixeira Carvalho', '10000000046', '1975-02-12'),
('Ana Beatriz Rocha', '10000000047', '1988-05-03'),
('Fábio Silva Campos', '10000000048', '1982-12-03'),
('Isabela Costa Silva', '10000000049', '2001-07-16'),
('Paulo César Silva', '10000000050', '1990-07-09'),
('Isabela Costa Campos', '10000000051', '1982-12-25'),
('Rafael Borges Carvalho', '10000000052', '1979-07-27'),
('Marina Alves Nogueira', '10000000053', '1995-12-30'),
('Rafael Borges Freitas', '10000000054', '1976-01-07'),
('Juliana Freitas Andrade', '10000000055', '1987-11-20'),
('André Luiz Pereira', '10000000056', '1979-05-25'),
('Sofia Carvalho Lopes', '10000000057', '2002-10-31'),
('João Pedro Lopes', '10000000058', '1997-12-04'),
('Eduardo Campos Lopes', '10000000060', '1992-01-21'),
('Luiza Andrade Borges', '10000000061', '1987-02-11'),
('Fábio Silva Lopes', '10000000062', '1979-04-27'),
('Marina Alves Rocha', '10000000063', '1985-09-13'),
('Carlos Henrique Souza', '10000000064', '1996-05-08'),
('Sofia Carvalho Costa', '10000000065', '1977-01-03'),
('Fábio Silva Nogueira', '10000000066', '1980-12-11'),
('Isabela Costa Moura', '10000000067', '1980-05-22'),
('Tiago Menezes Silva', '10000000068', '1985-08-22'),
('Rafael Borges Moura', '10000000070', '1986-02-16'),
('Isabela Costa Alves', '10000000071', '1994-04-22'),
('Gabriel Teixeira Nogueira', '10000000072', '1985-05-06'),
('Ana Beatriz Lima', '10000000073', '1993-01-14'),
('Tiago Menezes Campos', '10000000074', '1979-08-23'),
('Isabela Costa Moura', '10000000075', '2004-06-30'),
('João Pedro Pereira', '10000000076', '1995-07-31'),
('Patrícia Nogueira Costa', '10000000077', '1981-12-02'),
('Paulo César Lima', '10000000078', '1991-09-26'),
('João Pedro Campos', '10000000080', '1986-02-15'),
('Patrícia Nogueira Rocha', '10000000081', '2003-10-11'),
('Paulo César Lima', '10000000082', '1980-05-16'),
('Fernanda Lopes Borges', '10000000083', '1991-10-05'),
('Fábio Silva Alves', '10000000084', '1990-08-13'),
('Larissa Moura Alves', '10000000085', '2002-03-17'),
('Rafael Borges Campos', '10000000086', '1975-10-15'),
('Fernanda Lopes Teixeira', '10000000087', '1992-05-11'),
('Paulo César Alves', '10000000088', '1995-05-22'),
('Tiago Menezes Campos', '10000000090', '1992-08-20'),
('Isabela Costa Andrade', '10000000091', '1989-03-21'),
('Rafael Borges Freitas', '10000000092', '2000-02-05'),
('Juliana Freitas Lima', '10000000093', '1988-05-03'),
('Tiago Menezes Borges', '10000000094', '1984-06-24'),
('Larissa Moura Lima', '10000000095', '1985-07-30'),
('Carlos Henrique Campos', '10000000096', '1986-11-30'),
('Luiza Andrade Teixeira', '10000000097', '1978-12-29'),
('Eduardo Campos Moura', '10000000098', '1993-10-29'),
('Fernanda Lopes Rocha', '10000000099', '1994-04-13'),

INSERT INTO medicos (nome, crm, especialidade) VALUES
-- 10 médicos de cada especialidade principal
-- Cardiologia
('Dr(a). Cardiologista 1', 'CRM001', 'Cardiologia'),
('Dr(a). Cardiologista 2', 'CRM002', 'Cardiologia'),
('Dr(a). Cardiologista 3', 'CRM003', 'Cardiologia'),
('Dr(a). Cardiologista 4', 'CRM004', 'Cardiologia'),
('Dr(a). Cardiologista 5', 'CRM005', 'Cardiologia'),
('Dr(a). Cardiologista 6', 'CRM006', 'Cardiologia'),
('Dr(a). Cardiologista 7', 'CRM007', 'Cardiologia'),
('Dr(a). Cardiologista 8', 'CRM008', 'Cardiologia'),
('Dr(a). Cardiologista 9', 'CRM009', 'Cardiologia'),
('Dr(a). Cardiologista 10', 'CRM010', 'Cardiologia'),
-- Pediatria
('Dr(a). Pediatra 1', 'CRM011', 'Pediatria'),
('Dr(a). Pediatra 2', 'CRM012', 'Pediatria'),
('Dr(a). Pediatra 3', 'CRM013', 'Pediatria'),
('Dr(a). Pediatra 4', 'CRM014', 'Pediatria'),
('Dr(a). Pediatra 5', 'CRM015', 'Pediatria'),
('Dr(a). Pediatra 6', 'CRM016', 'Pediatria'),
('Dr(a). Pediatra 7', 'CRM017', 'Pediatria'),
('Dr(a). Pediatra 8', 'CRM018', 'Pediatria'),
('Dr(a). Pediatra 9', 'CRM019', 'Pediatria'),
('Dr(a). Pediatra 10', 'CRM020', 'Pediatria'),
-- Ortopedia
('Dr(a). Ortopedista 1', 'CRM021', 'Ortopedia'),
('Dr(a). Ortopedista 2', 'CRM022', 'Ortopedia'),
('Dr(a). Ortopedista 3', 'CRM023', 'Ortopedia'),
('Dr(a). Ortopedista 4', 'CRM024', 'Ortopedia'),
('Dr(a). Ortopedista 5', 'CRM025', 'Ortopedia'),
('Dr(a). Ortopedista 6', 'CRM026', 'Ortopedia'),
('Dr(a). Ortopedista 7', 'CRM027', 'Ortopedia'),
('Dr(a). Ortopedista 8', 'CRM028', 'Ortopedia'),
('Dr(a). Ortopedista 9', 'CRM029', 'Ortopedia'),
('Dr(a). Ortopedista 10', 'CRM030', 'Ortopedia'),
-- Dermatologia
('Dr(a). Dermatologista 1', 'CRM031', 'Dermatologia'),
('Dr(a). Dermatologista 2', 'CRM032', 'Dermatologia'),
('Dr(a). Dermatologista 3', 'CRM033', 'Dermatologia'),
('Dr(a). Dermatologista 4', 'CRM034', 'Dermatologia'),
('Dr(a). Dermatologista 5', 'CRM035', 'Dermatologia'),
('Dr(a). Dermatologista 6', 'CRM036', 'Dermatologia'),
('Dr(a). Dermatologista 7', 'CRM037', 'Dermatologia'),
('Dr(a). Dermatologista 8', 'CRM038', 'Dermatologia'),
('Dr(a). Dermatologista 9', 'CRM039', 'Dermatologia'),
('Dr(a). Dermatologista 10', 'CRM040', 'Dermatologia'),
-- Endocrinologia
('Dr(a). Endocrinologista 1', 'CRM041', 'Endocrinologia'),
('Dr(a). Endocrinologista 2', 'CRM042', 'Endocrinologia'),
('Dr(a). Endocrinologista 3', 'CRM043', 'Endocrinologia'),
('Dr(a). Endocrinologista 4', 'CRM044', 'Endocrinologia'),
('Dr(a). Endocrinologista 5', 'CRM045', 'Endocrinologia'),
('Dr(a). Endocrinologista 6', 'CRM046', 'Endocrinologia'),
('Dr(a). Endocrinologista 7', 'CRM047', 'Endocrinologia'),
('Dr(a). Endocrinologista 8', 'CRM048', 'Endocrinologia'),
('Dr(a). Endocrinologista 9', 'CRM049', 'Endocrinologia'),
('Dr(a). Endocrinologista 10', 'CRM050', 'Endocrinologia'),
-- Neurologia
('Dr(a). Neurologista 1', 'CRM051', 'Neurologia'),
('Dr(a). Neurologista 2', 'CRM052', 'Neurologia'),
('Dr(a). Neurologista 3', 'CRM053', 'Neurologia'),
('Dr(a). Neurologista 4', 'CRM054', 'Neurologia'),
('Dr(a). Neurologista 5', 'CRM055', 'Neurologia'),
('Dr(a). Neurologista 6', 'CRM056', 'Neurologia'),
('Dr(a). Neurologista 7', 'CRM057', 'Neurologia'),
('Dr(a). Neurologista 8', 'CRM058', 'Neurologia'),
('Dr(a). Neurologista 9', 'CRM059', 'Neurologia'),
('Dr(a). Neurologista 10', 'CRM060', 'Neurologia'),
-- Oftalmologia
('Dr(a). Oftalmologista 1', 'CRM061', 'Oftalmologia'),
('Dr(a). Oftalmologista 2', 'CRM062', 'Oftalmologia'),
('Dr(a). Oftalmologista 3', 'CRM063', 'Oftalmologia'),
('Dr(a). Oftalmologista 4', 'CRM064', 'Oftalmologia'),
('Dr(a). Oftalmologista 5', 'CRM065', 'Oftalmologia'),
('Dr(a). Oftalmologista 6', 'CRM066', 'Oftalmologia'),
('Dr(a). Oftalmologista 7', 'CRM067', 'Oftalmologia'),
('Dr(a). Oftalmologista 8', 'CRM068', 'Oftalmologia'),
('Dr(a). Oftalmologista 9', 'CRM069', 'Oftalmologia'),
('Dr(a). Oftalmologista 10', 'CRM070', 'Oftalmologia'),
-- Urologia
('Dr(a). Urologista 1', 'CRM071', 'Urologia'),
('Dr(a). Urologista 2', 'CRM072', 'Urologia'),
('Dr(a). Urologista 3', 'CRM073', 'Urologia'),
('Dr(a). Urologista 4', 'CRM074', 'Urologia'),
('Dr(a). Urologista 5', 'CRM075', 'Urologia'),
('Dr(a). Urologista 6', 'CRM076', 'Urologia'),
('Dr(a). Urologista 7', 'CRM077', 'Urologia'),
('Dr(a). Urologista 8', 'CRM078', 'Urologia'),
('Dr(a). Urologista 9', 'CRM079', 'Urologia'),
('Dr(a). Urologista 10', 'CRM080', 'Urologia'),
-- Gastroenterologia
('Dr(a). Gastroenterologista 1', 'CRM081', 'Gastroenterologia'),
('Dr(a). Gastroenterologista 2', 'CRM082', 'Gastroenterologia'),
('Dr(a). Gastroenterologista 3', 'CRM083', 'Gastroenterologia'),
('Dr(a). Gastroenterologista 4', 'CRM084', 'Gastroenterologia'),
('Dr(a). Gastroenterologista 5', 'CRM085', 'Gastroenterologia'),
('Dr(a). Gastroenterologista 6', 'CRM086', 'Gastroenterologia'),
('Dr(a). Gastroenterologista 7', 'CRM087', 'Gastroenterologia'),
('Dr(a). Gastroenterologista 8', 'CRM088', 'Gastroenterologia'),
('Dr(a). Gastroenterologista 9', 'CRM089', 'Gastroenterologia'),
('Dr(a). Gastroenterologista 10', 'CRM090', 'Gastroenterologia');
-- Nefrologia
('Dr(a). Nefrologista 1', 'CRM091', 'Nefrologia'),
('Dr(a). Nefrologista 2', 'CRM092', 'Nefrologia'),
('Dr(a). Nefrologista 3', 'CRM093', 'Nefrologia'),
('Dr(a). Nefrologista 4', 'CRM094', 'Nefrologia'),
('Dr(a). Nefrologista 5', 'CRM095', 'Nefrologia'),
('Dr(a). Nefrologista 6', 'CRM096', 'Nefrologia'),
('Dr(a). Nefrologista 7', 'CRM097', 'Nefrologia'),
('Dr(a). Nefrologista 8', 'CRM098', 'Nefrologia'),
('Dr(a). Nefrologista 9', 'CRM099', 'Nefrologia'),
('Dr(a). Nefrologista 10', 'CRM100', 'Nefrologia');

-- 100 exames, 10 para cada especialidade principal
INSERT INTO exames (nome, codigo, especialidade_requerida, valor) VALUES
-- Cardiologia
('Exame Cardiologia 1', 'EX001', 'Cardiologia', 100.0),
('Exame Cardiologia 2', 'EX002', 'Cardiologia', 110.0),
('Exame Cardiologia 3', 'EX003', 'Cardiologia', 120.0),
('Exame Cardiologia 4', 'EX004', 'Cardiologia', 130.0),
('Exame Cardiologia 5', 'EX005', 'Cardiologia', 140.0),
('Exame Cardiologia 6', 'EX006', 'Cardiologia', 150.0),
('Exame Cardiologia 7', 'EX007', 'Cardiologia', 160.0),
('Exame Cardiologia 8', 'EX008', 'Cardiologia', 170.0),
('Exame Cardiologia 9', 'EX009', 'Cardiologia', 180.0),
('Exame Cardiologia 10', 'EX010', 'Cardiologia', 190.0),
-- Pediatria
('Exame Pediatria 1', 'EX011', 'Pediatria', 100.0),
('Exame Pediatria 2', 'EX012', 'Pediatria', 110.0),
('Exame Pediatria 3', 'EX013', 'Pediatria', 120.0),
('Exame Pediatria 4', 'EX014', 'Pediatria', 130.0),
('Exame Pediatria 5', 'EX015', 'Pediatria', 140.0),
('Exame Pediatria 6', 'EX016', 'Pediatria', 150.0),
('Exame Pediatria 7', 'EX017', 'Pediatria', 160.0),
('Exame Pediatria 8', 'EX018', 'Pediatria', 170.0),
('Exame Pediatria 9', 'EX019', 'Pediatria', 180.0),
('Exame Pediatria 10', 'EX020', 'Pediatria', 190.0),
-- Ortopedia
('Exame Ortopedia 1', 'EX021', 'Ortopedia', 100.0),
('Exame Ortopedia 2', 'EX022', 'Ortopedia', 110.0),
('Exame Ortopedia 3', 'EX023', 'Ortopedia', 120.0),
('Exame Ortopedia 4', 'EX024', 'Ortopedia', 130.0),
('Exame Ortopedia 5', 'EX025', 'Ortopedia', 140.0),
('Exame Ortopedia 6', 'EX026', 'Ortopedia', 150.0),
('Exame Ortopedia 7', 'EX027', 'Ortopedia', 160.0),
('Exame Ortopedia 8', 'EX028', 'Ortopedia', 170.0),
('Exame Ortopedia 9', 'EX029', 'Ortopedia', 180.0),
('Exame Ortopedia 10', 'EX030', 'Ortopedia', 190.0),
-- Dermatologia
('Exame Dermatologia 1', 'EX031', 'Dermatologia', 100.0),
('Exame Dermatologia 2', 'EX032', 'Dermatologia', 110.0),
('Exame Dermatologia 3', 'EX033', 'Dermatologia', 120.0),
('Exame Dermatologia 4', 'EX034', 'Dermatologia', 130.0),
('Exame Dermatologia 5', 'EX035', 'Dermatologia', 140.0),
('Exame Dermatologia 6', 'EX036', 'Dermatologia', 150.0),
('Exame Dermatologia 7', 'EX037', 'Dermatologia', 160.0),
('Exame Dermatologia 8', 'EX038', 'Dermatologia', 170.0),
('Exame Dermatologia 9', 'EX039', 'Dermatologia', 180.0),
('Exame Dermatologia 10', 'EX040', 'Dermatologia', 190.0),
-- Endocrinologia
('Exame Endocrinologia 1', 'EX041', 'Endocrinologia', 100.0),
('Exame Endocrinologia 2', 'EX042', 'Endocrinologia', 110.0),
('Exame Endocrinologia 3', 'EX043', 'Endocrinologia', 120.0),
('Exame Endocrinologia 4', 'EX044', 'Endocrinologia', 130.0),
('Exame Endocrinologia 5', 'EX045', 'Endocrinologia', 140.0),
('Exame Endocrinologia 6', 'EX046', 'Endocrinologia', 150.0),
('Exame Endocrinologia 7', 'EX047', 'Endocrinologia', 160.0),
('Exame Endocrinologia 8', 'EX048', 'Endocrinologia', 170.0),
('Exame Endocrinologia 9', 'EX049', 'Endocrinologia', 180.0),
('Exame Endocrinologia 10', 'EX050', 'Endocrinologia', 190.0),
-- Neurologia
('Exame Neurologia 1', 'EX051', 'Neurologia', 100.0),
('Exame Neurologia 2', 'EX052', 'Neurologia', 110.0),
('Exame Neurologia 3', 'EX053', 'Neurologia', 120.0),
('Exame Neurologia 4', 'EX054', 'Neurologia', 130.0),
('Exame Neurologia 5', 'EX055', 'Neurologia', 140.0),
('Exame Neurologia 6', 'EX056', 'Neurologia', 150.0),
('Exame Neurologia 7', 'EX057', 'Neurologia', 160.0),
('Exame Neurologia 8', 'EX058', 'Neurologia', 170.0),
('Exame Neurologia 9', 'EX059', 'Neurologia', 180.0),
('Exame Neurologia 10', 'EX060', 'Neurologia', 190.0),
-- Oftalmologia
('Exame Oftalmologia 1', 'EX061', 'Oftalmologia', 100.0),
('Exame Oftalmologia 2', 'EX062', 'Oftalmologia', 110.0),
('Exame Oftalmologia 3', 'EX063', 'Oftalmologia', 120.0),
('Exame Oftalmologia 4', 'EX064', 'Oftalmologia', 130.0),
('Exame Oftalmologia 5', 'EX065', 'Oftalmologia', 140.0),
('Exame Oftalmologia 6', 'EX066', 'Oftalmologia', 150.0),
('Exame Oftalmologia 7', 'EX067', 'Oftalmologia', 160.0),
('Exame Oftalmologia 8', 'EX068', 'Oftalmologia', 170.0),
('Exame Oftalmologia 9', 'EX069', 'Oftalmologia', 180.0),
('Exame Oftalmologia 10', 'EX070', 'Oftalmologia', 190.0),
-- Urologia
('Exame Urologia 1', 'EX071', 'Urologia', 100.0),
('Exame Urologia 2', 'EX072', 'Urologia', 110.0),
('Exame Urologia 3', 'EX073', 'Urologia', 120.0),
('Exame Urologia 4', 'EX074', 'Urologia', 130.0),
('Exame Urologia 5', 'EX075', 'Urologia', 140.0),
('Exame Urologia 6', 'EX076', 'Urologia', 150.0),
('Exame Urologia 7', 'EX077', 'Urologia', 160.0),
('Exame Urologia 8', 'EX078', 'Urologia', 170.0),
('Exame Urologia 9', 'EX079', 'Urologia', 180.0),
('Exame Urologia 10', 'EX080', 'Urologia', 190.0),
-- Gastroenterologia
('Exame Gastroenterologia 1', 'EX081', 'Gastroenterologia', 100.0),
('Exame Gastroenterologia 2', 'EX082', 'Gastroenterologia', 110.0),
('Exame Gastroenterologia 3', 'EX083', 'Gastroenterologia', 120.0),
('Exame Gastroenterologia 4', 'EX084', 'Gastroenterologia', 130.0),
('Exame Gastroenterologia 5', 'EX085', 'Gastroenterologia', 140.0),
('Exame Gastroenterologia 6', 'EX086', 'Gastroenterologia', 150.0),
('Exame Gastroenterologia 7', 'EX087', 'Gastroenterologia', 160.0),
('Exame Gastroenterologia 8', 'EX088', 'Gastroenterologia', 170.0),
('Exame Gastroenterologia 9', 'EX089', 'Gastroenterologia', 180.0),
('Exame Gastroenterologia 10', 'EX090', 'Gastroenterologia', 190.0);
-- Nefrologia
('Exame Nefrologia 1', 'EX091', 'Nefrologia', 100.0),
('Exame Nefrologia 2', 'EX092', 'Nefrologia', 110.0),
('Exame Nefrologia 3', 'EX093', 'Nefrologia', 120.0),
('Exame Nefrologia 4', 'EX094', 'Nefrologia', 130.0),
('Exame Nefrologia 5', 'EX095', 'Nefrologia', 140.0),
('Exame Nefrologia 6', 'EX096', 'Nefrologia', 150.0),
('Exame Nefrologia 7', 'EX097', 'Nefrologia', 160.0),
('Exame Nefrologia 8', 'EX098', 'Nefrologia', 170.0),
('Exame Nefrologia 9', 'EX099', 'Nefrologia', 180.0),
('Exame Nefrologia 10', 'EX100', 'Nefrologia', 190.0);

INSERT INTO consultas (paciente_id, medico_id, data_hora, valor) VALUES
	(1, 1, '2025-01-01 08:00:00', 200.0),
	(2, 2, '2025-01-02 09:00:00', 210.0),
	(3, 3, '2025-01-03 10:00:00', 220.0),
	(4, 4, '2025-01-04 11:00:00', 230.0),
	(5, 5, '2025-01-05 12:00:00', 240.0),
	(6, 6, '2025-01-06 13:00:00', 250.0),
	(7, 7, '2025-01-07 14:00:00', 260.0),
	(8, 8, '2025-01-08 15:00:00', 270.0),
	(9, 9, '2025-01-09 16:00:00', 280.0),
	(10, 10, '2025-01-10 17:00:00', 290.0),
	(11, 11, '2025-01-11 08:00:00', 200.0),
	(12, 12, '2025-01-12 09:00:00', 210.0),
	(13, 13, '2025-01-13 10:00:00', 220.0),
	(14, 14, '2025-01-14 11:00:00', 230.0),
	(15, 15, '2025-01-15 12:00:00', 240.0),
	(16, 16, '2025-01-16 13:00:00', 250.0),
	(17, 17, '2025-01-17 14:00:00', 260.0),
	(18, 18, '2025-01-18 15:00:00', 270.0),
	(19, 19, '2025-01-19 16:00:00', 280.0),
	(20, 20, '2025-01-20 17:00:00', 290.0),
	(21, 21, '2025-01-21 08:00:00', 200.0),
	(22, 22, '2025-01-22 09:00:00', 210.0),
	(23, 23, '2025-01-23 10:00:00', 220.0),
	(24, 24, '2025-01-24 11:00:00', 230.0),
	(25, 25, '2025-01-25 12:00:00', 240.0),
	(26, 26, '2025-01-26 13:00:00', 250.0),
	(27, 27, '2025-01-27 14:00:00', 260.0),
	(28, 28, '2025-01-28 15:00:00', 270.0),
	(29, 29, '2025-01-29 16:00:00', 280.0),
	(30, 30, '2025-01-30 17:00:00', 290.0),
	(31, 31, '2025-01-31 08:00:00', 200.0),
	(32, 32, '2025-02-01 09:00:00', 210.0),
	(33, 33, '2025-02-02 10:00:00', 220.0),
	(34, 34, '2025-02-03 11:00:00', 230.0),
	(35, 35, '2025-02-04 12:00:00', 240.0),
	(36, 36, '2025-02-05 13:00:00', 250.0),
	(37, 37, '2025-02-06 14:00:00', 260.0),
	(38, 38, '2025-02-07 15:00:00', 270.0),
	(39, 39, '2025-02-08 16:00:00', 280.0),
	(40, 40, '2025-02-09 17:00:00', 290.0),
	(41, 41, '2025-02-10 08:00:00', 200.0),
	(42, 42, '2025-02-11 09:00:00', 210.0),
	(43, 43, '2025-02-12 10:00:00', 220.0),
	(44, 44, '2025-02-13 11:00:00', 230.0),
	(45, 45, '2025-02-14 12:00:00', 240.0),
	(46, 46, '2025-02-15 13:00:00', 250.0),
	(47, 47, '2025-02-16 14:00:00', 260.0),
	(48, 48, '2025-02-17 15:00:00', 270.0),
	(49, 49, '2025-02-18 16:00:00', 280.0),
	(50, 50, '2025-02-19 17:00:00', 290.0),
	(51, 51, '2025-02-20 08:00:00', 200.0),
	(52, 52, '2025-02-21 09:00:00', 210.0),
	(53, 53, '2025-02-22 10:00:00', 220.0),
	(54, 54, '2025-02-23 11:00:00', 230.0),
	(55, 55, '2025-02-24 12:00:00', 240.0),
	(56, 56, '2025-02-25 13:00:00', 250.0),
	(57, 57, '2025-02-26 14:00:00', 260.0),
	(58, 58, '2025-02-27 15:00:00', 270.0),
	(59, 59, '2025-02-28 16:00:00', 280.0),
	(60, 60, '2025-03-01 17:00:00', 290.0),
	(61, 61, '2025-03-02 08:00:00', 200.0),
	(62, 62, '2025-03-03 09:00:00', 210.0),
	(63, 63, '2025-03-04 10:00:00', 220.0),
	(64, 64, '2025-03-05 11:00:00', 230.0),
	(65, 65, '2025-03-06 12:00:00', 240.0),
	(66, 66, '2025-03-07 13:00:00', 250.0),
	(67, 67, '2025-03-08 14:00:00', 260.0),
	(68, 68, '2025-03-09 15:00:00', 270.0),
	(69, 69, '2025-03-10 16:00:00', 280.0),
	(70, 70, '2025-03-11 17:00:00', 290.0),
	(71, 71, '2025-03-12 08:00:00', 200.0),
	(72, 72, '2025-03-13 09:00:00', 210.0),
	(73, 73, '2025-03-14 10:00:00', 220.0),
	(74, 74, '2025-03-15 11:00:00', 230.0),
	(75, 75, '2025-03-16 12:00:00', 240.0),
	(76, 76, '2025-03-17 13:00:00', 250.0),
	(77, 77, '2025-03-18 14:00:00', 260.0),
	(78, 78, '2025-03-19 15:00:00', 270.0),
	(79, 79, '2025-03-20 16:00:00', 280.0),
	(80, 80, '2025-03-21 17:00:00', 290.0),
	(81, 81, '2025-03-22 08:00:00', 200.0),
	(82, 82, '2025-03-23 09:00:00', 210.0),
	(83, 83, '2025-03-24 10:00:00', 220.0),
	(84, 84, '2025-03-25 11:00:00', 230.0),
	(85, 85, '2025-03-26 12:00:00', 240.0),
	(86, 86, '2025-03-27 13:00:00', 250.0),
	(87, 87, '2025-03-28 14:00:00', 260.0),
	(88, 88, '2025-03-29 15:00:00', 270.0),
	(89, 89, '2025-03-30 16:00:00', 280.0),
	(90, 90, '2025-03-31 17:00:00', 290.0),
	(91, 91, '2025-04-01 08:00:00', 200.0),
	(92, 92, '2025-04-02 09:00:00', 210.0),
	(93, 93, '2025-04-03 10:00:00', 220.0),
	(94, 94, '2025-04-04 11:00:00', 230.0),
	(95, 95, '2025-04-05 12:00:00', 240.0),
	(96, 96, '2025-04-06 13:00:00', 250.0),
	(97, 97, '2025-04-07 14:00:00', 260.0),
	(98, 98, '2025-04-08 15:00:00', 270.0),
	(99, 99, '2025-04-09 16:00:00', 280.0),
	(100, 100, '2025-04-10 17:00:00', 290.0);

INSERT INTO agendamentos (pacientes_id, consultas_id, exames_id, medicos_id, data_agendamento, sala, status) VALUES
	(1, 1, 1, 1, '2025-01-01 08:30:00', 'Sala 1', 'Agendado'),
	(2, 2, 2, 2, '2025-01-02 09:30:00', 'Sala 2', 'Realizado'),
	(3, 3, 3, 3, '2025-01-03 10:30:00', 'Sala 3', 'Cancelado'),
	(4, 4, 4, 4, '2025-01-04 11:30:00', 'Sala 4', 'Agendado'),
	(5, 5, 5, 5, '2025-01-05 12:30:00', 'Sala 5', 'Realizado'),
	(6, 6, 6, 6, '2025-01-06 13:30:00', 'Sala 6', 'Cancelado'),
	(7, 7, 7, 7, '2025-01-07 14:30:00', 'Sala 7', 'Agendado'),
	(8, 8, 8, 8, '2025-01-08 15:30:00', 'Sala 8', 'Realizado'),
	(9, 9, 9, 9, '2025-01-09 16:30:00', 'Sala 9', 'Cancelado'),
	(10, 10, 10, 10, '2025-01-10 17:30:00', 'Sala 10', 'Agendado'),
	(11, 11, 11, 11, '2025-01-11 08:30:00', 'Sala 11', 'Realizado'),
	(12, 12, 12, 12, '2025-01-12 09:30:00', 'Sala 12', 'Cancelado'),
	(13, 13, 13, 13, '2025-01-13 10:30:00', 'Sala 13', 'Agendado'),
	(14, 14, 14, 14, '2025-01-14 11:30:00', 'Sala 14', 'Realizado'),
	(15, 15, 15, 15, '2025-01-15 12:30:00', 'Sala 15', 'Cancelado'),
	(16, 16, 16, 16, '2025-01-16 13:30:00', 'Sala 16', 'Agendado'),
	(17, 17, 17, 17, '2025-01-17 14:30:00', 'Sala 17', 'Realizado'),
	(18, 18, 18, 18, '2025-01-18 15:30:00', 'Sala 18', 'Cancelado'),
	(19, 19, 19, 19, '2025-01-19 16:30:00', 'Sala 19', 'Agendado'),
	(20, 20, 20, 20, '2025-01-20 17:30:00', 'Sala 20', 'Realizado'),
	(21, 21, 21, 21, '2025-01-21 08:30:00', 'Sala 21', 'Cancelado'),
	(22, 22, 22, 22, '2025-01-22 09:30:00', 'Sala 22', 'Agendado'),
	(23, 23, 23, 23, '2025-01-23 10:30:00', 'Sala 23', 'Realizado'),
	(24, 24, 24, 24, '2025-01-24 11:30:00', 'Sala 24', 'Cancelado'),
	(25, 25, 25, 25, '2025-01-25 12:30:00', 'Sala 25', 'Agendado'),
	(26, 26, 26, 26, '2025-01-26 13:30:00', 'Sala 26', 'Realizado'),
	(27, 27, 27, 27, '2025-01-27 14:30:00', 'Sala 27', 'Cancelado'),
	(28, 28, 28, 28, '2025-01-28 15:30:00', 'Sala 28', 'Agendado'),
	(29, 29, 29, 29, '2025-01-29 16:30:00', 'Sala 29', 'Realizado'),
	(30, 30, 30, 30, '2025-01-30 17:30:00', 'Sala 30', 'Cancelado'),
	(31, 31, 31, 31, '2025-01-31 08:30:00', 'Sala 31', 'Agendado'),
	(32, 32, 32, 32, '2025-02-01 09:30:00', 'Sala 32', 'Realizado'),
	(33, 33, 33, 33, '2025-02-02 10:30:00', 'Sala 33', 'Cancelado'),
	(34, 34, 34, 34, '2025-02-03 11:30:00', 'Sala 34', 'Agendado'),
	(35, 35, 35, 35, '2025-02-04 12:30:00', 'Sala 35', 'Realizado'),
	(36, 36, 36, 36, '2025-02-05 13:30:00', 'Sala 36', 'Cancelado'),
	(37, 37, 37, 37, '2025-02-06 14:30:00', 'Sala 37', 'Agendado'),
	(38, 38, 38, 38, '2025-02-07 15:30:00', 'Sala 38', 'Realizado'),
	(39, 39, 39, 39, '2025-02-08 16:30:00', 'Sala 39', 'Cancelado'),
	(40, 40, 40, 40, '2025-02-09 17:30:00', 'Sala 40', 'Agendado'),
	(41, 41, 41, 41, '2025-02-10 08:30:00', 'Sala 41', 'Realizado'),
	(42, 42, 42, 42, '2025-02-11 09:30:00', 'Sala 42', 'Cancelado'),
	(43, 43, 43, 43, '2025-02-12 10:30:00', 'Sala 43', 'Agendado'),
	(44, 44, 44, 44, '2025-02-13 11:30:00', 'Sala 44', 'Realizado'),
	(45, 45, 45, 45, '2025-02-14 12:30:00', 'Sala 45', 'Cancelado'),
	(46, 46, 46, 46, '2025-02-15 13:30:00', 'Sala 46', 'Agendado'),
	(47, 47, 47, 47, '2025-02-16 14:30:00', 'Sala 47', 'Realizado'),
	(48, 48, 48, 48, '2025-02-17 15:30:00', 'Sala 48', 'Cancelado'),
	(49, 49, 49, 49, '2025-02-18 16:30:00', 'Sala 49', 'Agendado'),
	(50, 50, 50, 50, '2025-02-19 17:30:00', 'Sala 50', 'Realizado'),
	(51, 51, 51, 51, '2025-02-20 08:30:00', 'Sala 51', 'Cancelado'),
	(52, 52, 52, 52, '2025-02-21 09:30:00', 'Sala 52', 'Agendado'),
	(53, 53, 53, 53, '2025-02-22 10:30:00', 'Sala 53', 'Realizado'),
	(54, 54, 54, 54, '2025-02-23 11:30:00', 'Sala 54', 'Cancelado'),
	(55, 55, 55, 55, '2025-02-24 12:30:00', 'Sala 55', 'Agendado'),
	(56, 56, 56, 56, '2025-02-25 13:30:00', 'Sala 56', 'Realizado'),
	(57, 57, 57, 57, '2025-02-26 14:30:00', 'Sala 57', 'Cancelado'),
	(58, 58, 58, 58, '2025-02-27 15:30:00', 'Sala 58', 'Agendado'),
	(59, 59, 59, 59, '2025-02-28 16:30:00', 'Sala 59', 'Realizado'),
	(60, 60, 60, 60, '2025-03-01 17:30:00', 'Sala 60', 'Cancelado'),
	(61, 61, 61, 61, '2025-03-02 08:30:00', 'Sala 61', 'Agendado'),
	(62, 62, 62, 62, '2025-03-03 09:30:00', 'Sala 62', 'Realizado'),
	(63, 63, 63, 63, '2025-03-04 10:30:00', 'Sala 63', 'Cancelado'),
	(64, 64, 64, 64, '2025-03-05 11:30:00', 'Sala 64', 'Agendado'),
	(65, 65, 65, 65, '2025-03-06 12:30:00', 'Sala 65', 'Realizado'),
	(66, 66, 66, 66, '2025-03-07 13:30:00', 'Sala 66', 'Cancelado'),
	(67, 67, 67, 67, '2025-03-08 14:30:00', 'Sala 67', 'Agendado'),
	(68, 68, 68, 68, '2025-03-09 15:30:00', 'Sala 68', 'Realizado'),
	(69, 69, 69, 69, '2025-03-10 16:30:00', 'Sala 69', 'Cancelado'),
	(70, 70, 70, 70, '2025-03-11 17:30:00', 'Sala 70', 'Agendado'),
	(71, 71, 71, 71, '2025-03-12 08:30:00', 'Sala 71', 'Realizado'),
	(72, 72, 72, 72, '2025-03-13 09:30:00', 'Sala 72', 'Cancelado'),
	(73, 73, 73, 73, '2025-03-14 10:30:00', 'Sala 73', 'Agendado'),
	(74, 74, 74, 74, '2025-03-15 11:30:00', 'Sala 74', 'Realizado'),
	(75, 75, 75, 75, '2025-03-16 12:30:00', 'Sala 75', 'Cancelado'),
	(76, 76, 76, 76, '2025-03-17 13:30:00', 'Sala 76', 'Agendado'),
	(77, 77, 77, 77, '2025-03-18 14:30:00', 'Sala 77', 'Realizado'),
	(78, 78, 78, 78, '2025-03-19 15:30:00', 'Sala 78', 'Cancelado'),
	(79, 79, 79, 79, '2025-03-20 16:30:00', 'Sala 79', 'Agendado'),
	(80, 80, 80, 80, '2025-03-21 17:30:00', 'Sala 80', 'Realizado'),
	(81, 81, 81, 81, '2025-03-22 08:30:00', 'Sala 81', 'Cancelado'),
	(82, 82, 82, 82, '2025-03-23 09:30:00', 'Sala 82', 'Agendado'),
	(83, 83, 83, 83, '2025-03-24 10:30:00', 'Sala 83', 'Realizado'),
	(84, 84, 84, 84, '2025-03-25 11:30:00', 'Sala 84', 'Cancelado'),
	(85, 85, 85, 85, '2025-03-26 12:30:00', 'Sala 85', 'Agendado'),
	(86, 86, 86, 86, '2025-03-27 13:30:00', 'Sala 86', 'Realizado'),
	(87, 87, 87, 87, '2025-03-28 14:30:00', 'Sala 87', 'Cancelado'),
	(88, 88, 88, 88, '2025-03-29 15:30:00', 'Sala 88', 'Agendado'),
	(89, 89, 89, 89, '2025-03-30 16:30:00', 'Sala 89', 'Realizado'),
	(90, 90, 90, 90, '2025-03-31 17:30:00', 'Sala 90', 'Cancelado'),
	(91, 91, 91, 91, '2025-04-01 08:30:00', 'Sala 91', 'Agendado'),
	(92, 92, 92, 92, '2025-04-02 09:30:00', 'Sala 92', 'Realizado'),
	(93, 93, 93, 93, '2025-04-03 10:30:00', 'Sala 93', 'Cancelado'),
	(94, 94, 94, 94, '2025-04-04 11:30:00', 'Sala 94', 'Agendado'),
	(95, 95, 95, 95, '2025-04-05 12:30:00', 'Sala 95', 'Realizado'),
	(96, 96, 96, 96, '2025-04-06 13:30:00', 'Sala 96', 'Cancelado'),
	(97, 97, 97, 97, '2025-04-07 14:30:00', 'Sala 97', 'Agendado'),
	(98, 98, 98, 98, '2025-04-08 15:30:00', 'Sala 98', 'Realizado'),
	(99, 99, 99, 99, '2025-04-09 16:30:00', 'Sala 99', 'Cancelado'),
	(100, 100, 100, 100, '2025-04-10 17:30:00', 'Sala 100', 'Agendado');
